7900,Augustine,5897,Kaliningrad
7901,Nyssa,7470,Monterrey
7902,Tierney,9419,Mersin
7903,Stephanie,6129,Split (city)
7904,Halette,3569,Phuket (city)
7905,Drucie,6258,Virginia Beach
7906,Rosanne,8560,Pelotas
7907,Donetta,6669,Memphis
7908,Merrie,9719,Prague
7909,Dyann,4725,Thessaloniki
7910,Imojean,7960,Nukualofa
7911,Lolita,5824,Tiraspol
7912,Marnia,5933,Angra do Herosmo
7913,Cathyleen,6111,Medan
7914,Atlanta,5354,Luxembourg (city)
7915,Delilah,5466,Zapopan
7916,Millie,4424,Luanda
7917,Tobe,6447,Patna
7918,Charissa,5885,Oslo
7919,Dolli,3266,Miri
7920,Briney,4299,Leipzig
7921,Marsiella,9608,South Tarawa
7922,Charmaine,3288,City of Halifax
7923,Gisela,9060,Campo Grande
7924,Chickie,3177,Manama
7925,Dari,5802,Vitoria
7926,Kimmy,9006,Mecca
7927,Patricia,3189,Malaga
7928,Danny,4298,Yaounde
7929,Brianna,9324,The Hague
7930,Caritta,5232,Berlin
7931,Eve,9766,Niamey
7932,Cecile,7809,Belgrade
7933,Konstance,8514,Toulouse
7934,Arlina,6516,Tegucigalpa
7935,Allis,8757,Innsbruck
7936,Annora,4014,Petropavlovsk
7937,Vevay,5999,Puebla
7938,Consuela,7541,Ankara
7939,Silvana,9585,Alexandria
7940,Delilah,8493,Hamburg
7941,Karlee,4075,Stuttgart
7942,Frances,4055,Mata-Utu
7943,Demetris,8763,Montevideo
7944,Dawn,9396,Daegu
7945,Dawn,8569,Glasgow
7946,Marcy,8502,Pyongyang
7947,Henriette,9037,Geneva
7948,Dulcinea,5942,Quezon City
7949,Oralee,8902,Vilnius
7950,Fanchon,7643,Wollongong
7951,Edith,3992,Tamale
7952,Lynea,9580,Lubumbashi
7953,Lizzie,8959,Pekanbaru
7954,Rhea,3224,Adamstown
7955,Cyndie,9626,Baltimore
7956,Korrie,5780,Monrovia
7957,Brianna,9544,Torshavn
7958,Sibella,9374,Albuquerque
7959,Gilda,6681,Kabul
7960,Pearline,3451,Murmansk
7961,Paulita,5658,Livingstone
7962,Annora,4017,Hyderabad
7963,Helena,6079,Miami
7964,Calla,3352,Harbin
7965,Willetta,6678,Copenhagen
7966,Louella,6960,Buffalo
7967,Helena,4295,Vilnius
7968,Beth,4348,Palma
7969,Amalie,9271,Columbus
7970,Tiffie,9958,Xian
7971,Louella,6727,Harare
7972,Renae,8618,Handan
7973,Gratia,9423,Mexicali
7974,Mara,3572,Ushuaia
7975,Valeda,9773,San Francisco
7976,Wileen,3079,Zapopan
7977,Leona,7760,Khartoum
7978,Nyssa,8076,Nukulaelae
7979,Sandie,6543,St. John's
7980,Ethel,6400,Bandung
7981,Nariko,5499,Tegucigalpa
7982,Paule,3427,Saint John
7983,Laure,8203,Virginia Beach
7984,Jaclyn,3064,Bogota
7985,Ira,4613,Dakar
7986,Tarra,5595,Casablanca
7987,Ira,5623,Palma
7988,Regina,4234,Cusco
7989,Dari,8834,Qingdao
7990,Olivette,3720,Denpasar
7991,Celestyna,4220,Sucre
7992,Melanie,8836,Chongjin
7993,Asia,7337,Mersin
7994,Caritta,7972,Memphis
7995,Christal,6161,Dalian
7996,Ariela,3103,Kunming
7997,Miquela,9591,Split (city)
7998,Robbi,3467,Iqaluit
7999,Bee,8665,Espoo
8000,Starla,8340,Bursa
8001,Clo,7285,Dunedin
8002,Elvira,6842,San Carlos de Bariloche
8003,Gui,9929,Lusaka
8004,Libbie,3073,Lusaka
8005,Collen,9291,Tbilisi
8006,Wynne,8176,Surabaya
8007,Ida,5238,Portland
8008,Lila,5685,Maseru
8009,Belva,8331,Charlottetown
8010,Ira,8149,Angra do Heroísmo
8011,Esmeralda,6926,San Juan
8012,Tobe,6182,Macapá
8013,Zia,4701,Oklahoma City
8014,Ekaterina,8979,Ljubljana
8015,Eugine,3631,South Tarawa
8016,Kirbee,8263,Puerto Williams
8017,Phylis,8120,Portland
8018,Gerianna,3385,Kandy
8019,Tatiania,9278,Geneva
8020,Anthia,5530,Nuuk
8021,Mady,3529,Oklahoma City
8022,Danny,3437,Dhaka
8023,Sidoney,8003,Ürümqi
8024,Imojean,7471,New York City
8025,Joelly,7903,Rome
8026,Angela,9308,Campo Grande
8027,Steffane,6572,Yamoussoukro
8028,Estell,3474,Sapporo
8029,Elise,5877,Dili
8030,Concettina,7151,Kota Kinabalu
8031,Agnese,9492,Munich
8032,Nerta,7158,Brasília
8033,Verla,8211,Beijing
8034,Phylis,4872,Koulikoro
8035,Tobe,4168,Sri Jayawardenapura-Kotte
8036,Gertrud,5198,Yakutsk
8037,Brena,7014,Xining
8038,Quintina,7205,Dibrugarh
8039,Frieda,7980,Rosario
8040,Hollie,3488,Horta (Azores)
8041,Misha,3285,Gaborone
8042,Lila,4226,Thessaloniki
8043,Marika,6362,Kyoto
8044,Chrystel,9755,Sacramento
8045,Candy,8826,Port Moresby
8046,Bobbi,4696,Kingstown
8047,Carol-Jean,3142,Cockburn Town
8048,Alexine,6355,Ilhéus
8049,Laurene,8091,Regina
8050,Kaia,7470,Omsk
8051,Janis,6583,Dibrugarh
8052,Pierette,6841,Iloilo City
8053,Mignon,5451,Rabi Island
8054,Ann-Marie,5348,Kano
8055,Maurene,8930,Bangui
8056,Marguerite,7971,Xi'an
8057,Ashlee,8162,Guadalajara
8058,Maisey,3113,Graz
8059,Jorry,7659,Rabat
8060,Shaine,6433,Milwaukee
8061,Ricky,8605,Manama
8062,Nicoli,8725,Malacca Town
8063,Gusella,6696,Colombo
8064,Viki,5506,Jerusalem
8065,Allyce,7153,Milwaukee
8066,Margette,9798,Chaguanas
8067,Hyacinthe,6826,Santa Cruz de la Sierra
8068,Nickie,3352,Juneau
8069,Vonny,4258,Calgary
8070,Damaris,9497,Cairo
8071,Bettine,9214,Kobe
8072,Ottilie,5204,Taipei
8073,Emylee,6443,Santa Cruz de Tenerife
8074,Hope,8926,Maseru
8075,Candi,8057,Panama City
8076,Sabina,3716,Dublin
8077,Nadine,3297,Makati City
8078,Bee,9474,Addis Ababa
8079,Jere,6796,Port Louis
8080,Hannis,8960,Lobamba
8081,Lucy,4602,Hai Phong
8082,Mariann,5777,Rabat
8083,Nariko,7619,Ouagadougou
8084,Jorry,6120,Tabriz
8085,Yvonne,9689,Incheon
8086,Marti,9857,Adelaide
8087,Andree,7198,Wuhan
8088,Shauna,6672,Paramaribo
8089,Caritta,7169,Düsseldorf
8090,Robbi,6886,Brussels
8091,Elfreda,6798,Belize City
8092,Lorne,9382,Wonsan
8093,Alia,7223,Maseru
8094,Vonny,9838,Wichita
8095,Rosanne,6047,Albuquerque
8096,Sheree,5149,Batticaloa
8097,Emma,8851,Blantyre
8098,Dawn,4537,Fortaleza
8099,Chloris,9901,Pristina
8100,Georgina,7165,Cork (city)
8101,Frieda,3080,Banjul
8102,Ninnetta,6551,Xining
8103,Glynnis,3476,Basse-Terre
8104,Jan,6292,Accra
8105,Cissiee,9622,Kuala Lumpur
8106,Ileana,3568,Durango
8107,Rosaline,8977,Cape Town
8108,Lulita,5034,Pyongyang
8109,Rebeca,8110,Mersin
8110,Elsie,6700,Incheon
8111,Ginnie,3043,Lisbon
8112,Amii,8298,Chongjin
8113,Constance,4263,San José
8114,Taffy,8727,Ilhéus
8115,Tybie,4195,Winnipeg
8116,Dotty,8012,Tskhinvali
8117,Odessa,8700,Jeddah
8118,Oona,4406,Wichita
8119,Flory,8173,Casablanca
8120,Elmira,4258,Fredericton
8121,Ivett,3093,Chongqing
8122,Edyth,8454,Francistown
8123,Ardenia,7332,Assis
8124,Agnese,3675,Antofagasta
8125,Gratia,9095,Milan
8126,Alejandra,9068,Nagpur
8127,Cindelyn,7677,Wollongong
8128,Violet,9293,Edinburgh
8129,Aaren,6150,Casablanca
8130,Jsandye,8245,Dushanbe
8131,Ursulina,6920,Saint-Denis
8132,Janenna,4941,Shigatse
8133,Charmaine,9406,Novosibirsk
8134,Sadie,7512,Brasília
8135,Ursulina,4680,Ottawa
8136,Ira,8892,Managua
8137,Lyssa,5160,Tagbilaran
8138,Delilah,6989,San Carlos de Bariloche
8139,Tamqrah,7231,Chittagong
8140,Nataline,6604,Tel Aviv
8141,Lexine,5978,Djibouti (city)
8142,Adriana,5010,San Francisco
8143,Margarette,6317,Santiago
8144,Wileen,9033,Chişinău
8145,Edee,6362,Kunming
8146,Rayna,6261,Hanover
8147,Evita,8092,Kuwait City
8148,Belinda,4308,Apia
8149,Annice,4778,Riga
8150,Korrie,8705,Valparaíso
8151,Ariela,4418,Hanoi
8152,Dominga,9153,Serekunda
8153,Catharine,5846,Simferopol
8154,Elfreda,5339,Bucharest
8155,Joleen,6247,Invercargill
8156,Monika,3853,Santiago
8157,Ana,8884,Basse-Terre
8158,Andeee,4409,Jersey City
8159,Willetta,8646,Marrakech
8160,Doralynne,3113,Shanghai
8161,Charlena,6122,Guatemala City
8162,Calla,7409,La Serena
8163,Bertine,8575,Nagpur
8164,Nollie,9144,Nice
8165,Heida,9868,Edmonton
8166,Mary,6100,Madrid
8167,Consuela,4134,Kaohsiung
8168,Maud,4451,Cannes
8169,Elvira,6776,Sana'a
8170,Maryellen,8907,Istanbul
8171,Carmencita,6330,Gangtok
8172,Jean,8490,Gold Coast
8173,Lacie,6295,Jerusalem
8174,Quintina,8628,Johannesburg
8175,Ayn,4657,Indianapolis
8176,Angela,9266,Assis
8177,Ricky,3147,El Paso
8178,Janey,8055,El Paso
8179,Chere,5071,Majuro
8180,Bobinette,6864,Oslo
8181,Tatiania,5124,Christchurch
8182,Caressa,5430,Hat Yai
8183,Sherrie,9096,Manaus
8184,Perry,9166,Yekaterinburg
8185,Corene,6167,Lyon
8186,Mariele,3496,St. George's
8187,Millie,6654,St. George's
8188,Amara,7753,Manzini
8189,Aaren,7139,Thessaloniki
8190,Fina,4766,Papeete
8191,Minne,8743,Guwahati
8192,Jaime,4055,Astana
8193,Paola,4350,Minsk
8194,Daune,5387,Libreville
8195,Darci,4209,Taichung
8196,Patricia,3420,Quezon City
8197,Bernie,7303,Edmonton
8198,Mara,5180,Helsinki
8199,Monika,6952,Stockholm
8200,Ericka,6933,Providence
8201,Jacquetta,3335,Pekanbaru
8202,Dulcinea,7263,Kraków
8203,Yetty,5759,San Francisco
8204,Amalie,6357,Medellín
8205,Lorie,9445,Guadalajara
8206,Agathe,6919,Frankfurt
8207,Hyacinthe,9626,Freetown
8208,Kerrin,9010,Stuttgart
8209,Gabriellia,6803,Douglas
8210,Marjie,8961,Valencia
8211,Gale,9470,Bandar Seri Begawan
8212,Audrie,9114,Islamabad
8213,Alameda,4974,St. Louis
8214,Tori,6317,Changchun
8215,Netty,4395,Brazzaville
8216,Ginnie,9046,Sabha
8217,Jolyn,9710,Pattaya
8218,Teriann,6144,Ahmedabad
8219,Larine,6268,Livingstone
8220,Jessy,9686,Miri
8221,Madelle,9066,São José dos Campos
8222,Nonnah,7430,Monrovia
8223,Priscilla,7603,Bishkek
8224,Leontine,3485,Mendoza
8225,Anica,4546,Hanover
8226,Quintina,7833,Vatican City
8227,Jenilee,8150,Christchurch
8228,Carlie,3757,Cockburn Town
8229,Bobinette,6983,Udon Thani
8230,Chickie,5721,Macapá
8231,Dennie,4158,Philadelphia
8232,Emma,3381,Mexico City
8233,Gusella,9220,Accra
8234,Hallie,4745,Whitehorse
8235,Cissiee,8129,Tabriz
8236,Millie,3186,Guangzhou
8237,Marita,8316,Hilo
8238,Michaelina,7458,Berlin
8239,Keelia,6038,Louisville
8240,Feliza,4963,Islamabad
8241,Carree,8629,Cairo
8242,Kelly,7747,Bratsk
8243,Rozele,8330,Longyearbyen
8244,Sheelagh,6517,Bergen
8245,Lisette,3012,Baghdad
8246,Krystle,6343,Basse-Terre
8247,Jasmina,9016,Adak
8248,Georgetta,7766,Assis
8249,Therine,3035,Turin
8250,Susette,7506,Road Town
8251,Amii,7833,Naples
8252,Stevana,6871,Concepción
8253,Chere,8494,Fairbanks
8254,Marylou,3101,Dubai
8255,Jere,6613,Lviv
8256,Jackie,9659,Sacramento
8257,Correy,9639,Mata-Utu
8258,Merrie,6387,Mandurah
8259,Florencia,3349,Port Said
8260,Bill,3632,Port Said
8261,Allyce,9974,Ponta Delgada
8262,Helsa,6991,Conakry
8263,Lanae,6712,Madrid
8264,Debee,4118,Bandung
8265,Jeanna,3797,Cairo
8266,Helsa,5011,Stepanakert
8267,Dianemarie,9312,Kingstown
8268,Netty,5401,Veracruz
8269,Coral,9751,Dar es Salaam
8270,Ruthe,5266,Edinburgh
8271,Cristabel,7906,Quetzaltenango
8272,Flory,6073,Dallas
8273,Nonnah,6171,Raleigh
8274,Danny,4202,Berlin
8275,Aeriela,8605,Rosario
8276,Jobi,7257,Shijiazhuang
8277,Mireielle,9487,Dublin
8278,Madeleine,6970,Asunción
8279,Leanna,4967,Macapá
8280,Dorene,8136,Boa Vista
8281,Yvonne,3667,Perth
8282,Dotty,5819,Anadyr (town)
8283,Roxane,7159,Huế
8284,Kristina,4028,Zanzibar City
8285,Elmira,6536,Taichung
8286,Janenna,8499,Bern
8287,Teriann,5791,Campo Grande
8288,Gusella,9981,Podgorica
8289,Damaris,7715,Maceió
8290,Ashlee,5444,Accra
8291,Jessy,8072,Cairo
8292,Grier,8771,Chittagong
8293,Gretal,7005,Valparaíso
8294,Sheelagh,9968,Salzburg
8295,Inga,4083,Surat
8296,Andeee,8932,Surat
8297,Mureil,9253,Regina
8298,Shannah,7954,Blantyre
8299,Ulrike,3846,Cairns
8300,Eolanda,6255,Medan
8301,Rosaline,3732,Thessaloniki
8302,Eadie,7585,Nuuk
8303,Norine,8850,Cork (city)
8304,Darlleen,3481,Ibiza
8305,Emma,8551,Athens
8306,Luci,7617,Cayenne
8307,Joleen,7647,Berlin
8308,Luci,5628,Basra
8309,Rubie,3493,Sana'a
8310,Heddie,3498,Porto-Novo
8311,Chrystel,3312,Nairobi
8312,Emma,7807,Fairbanks
8313,Lanae,9359,Moscow
8314,Corene,7782,Málaga
8315,Margette,7624,Bucharest
8316,Justinn,4210,City of Halifax
8317,Janey,9299,Nantes
8318,Moyna,8031,Adak
8319,Sonni,7398,Rotterdam
8320,Correy,9515,Tartu
8321,Kaia,8210,Cannes
8322,Annabela,8240,Naples
8323,Roxane,6872,Stanley
8324,Robbi,8578,Namangan
8325,Cathyleen,9236,Santa Cruz de Tenerife
8326,Marinna,4703,Tbilisi
8327,Lynnea,4121,İzmir
8328,Codie,3306,St. Louis
8329,Paola,4953,Phoenix
8330,Delilah,9566,Lilongwe
8331,Rosaline,4001,Tampa
8332,Orelia,8863,Yaoundé
8333,Mamie,3233,Banda Aceh
8334,Jere,6644,Cannes
8335,Leia,6312,Christchurch
8336,Gerrie,3971,Vilnius
8337,Xylina,8686,Managua
8338,Adelle,3763,Cali
8339,Paulita,5230,Fukuoka
8340,Karolina,6927,Conakry
8341,Tressa,9723,Bloemfontein
8342,Nikki,7426,St. John's
8343,Briney,5859,Macapá
8344,Shirlee,5594,Port Said
8345,Jorry,3548,Maceió
8346,Josephine,7779,Algiers
8347,Lulita,8972,Valencia
8348,Priscilla,4253,Bridgetown
8349,Claudina,6324,Suez
8350,Ulrike,8420,Taiyuan
8351,Lory,3272,Christchurch
8352,Bernardine,3769,Nukus
8353,Emylee,5018,Gibraltar
8354,Elyssa,9039,Monrovia
8355,Priscilla,4510,El Paso
8356,Sindee,7825,Oklahoma City
8357,Dari,5187,Muscat
8358,Pierette,8826,Dibrugarh
8359,Wynne,4229,Seattle
8360,Romona,10000,Zhengzhou
8361,Lenna,4731,Santiago
8362,Dominga,3249,Weno
8363,Johna,6030,Strasbourg
8364,Glynnis,6859,Kingston
8365,Kathy,9016,Wichita
8366,Alyssa,8255,Yaoundé
8367,Annaliese,5205,Ouagadougou
8368,Zia,5101,Mérida
8369,Nariko,5625,Jersey City
8370,Elyssa,6332,Lobamba
8371,Aaren,4005,Chihuahua
8372,Stephanie,9350,Bangui
8373,Sarette,6668,Ludhiana
8374,Glenda,9650,Montreal
8375,Lita,6706,Austin
8376,Tamqrah,9615,Fredericton
8377,Myrtice,8547,Boa Vista
8378,Clementine,6951,Kabul
8379,Heida,9668,Enugu
8380,Sandie,8946,Iquitos
8381,Basia,6313,Cologne
8382,Gratia,3123,Toronto
8383,Bertine,6310,Kolkata
8384,Allyce,3328,Seoul
8385,Christy,5095,Charlottetown
8386,Clo,9181,Sydney
8387,Karly,8057,Düsseldorf
8388,Lizzie,9772,Port-au-Prince
8389,Kayla,6725,Chaguanas
8390,Raf,5227,Semarang
8391,Celestyna,4223,Minneapolis
8392,Beatriz,3446,Gibraltar
8393,Lila,4784,Columbus
8394,Luci,6719,Banda Aceh
8395,Donetta,5789,Vitória
8396,Diena,6312,Anchorage
8397,Cam,8202,Hamilton
8398,Cassondra,6368,Odessa
8399,Cissiee,9086,Tbilisi
8400,Hollie,9830,Gangtok
8401,Karina,9844,Bilbao
8402,Elsie,8607,Belmopan
8403,Madelle,8000,Oklahoma City
8404,Janeczka,4279,Yaren District
8405,Flory,8547,Glasgow
8406,Wanda,6821,Riga
8407,Ulrike,8781,Blantyre
8408,Mady,4283,Yellowknife
8409,Gerianna,8613,Luxor
8410,Nananne,7374,Charlotte Amalie
8411,Tersina,5898,Tiraspol
8412,Nariko,6334,Rio de Janeiro
8413,Odessa,5530,Quito
8414,Kary,5390,San Juan
8415,Clary,6058,Yokohama
8416,Zsa Zsa,4078,Cali
8417,Romona,5604,Malé
8418,Roberta,6391,Shenyang
8419,Dorene,7989,Aarhus
8420,Paulita,6183,Cardiff
8421,Nerta,6248,Bern
8422,Tilly,4951,Dushanbe
8423,Blondelle,5786,Valparaíso
8424,Lorenza,7158,Nouakchott
8425,Nonnah,9978,Beirut
8426,Antonietta,4166,Nagpur
8427,Vinita,5609,Minneapolis
8428,Kore,3292,Berlin
8429,Kirbee,5938,Medellín
8430,Britni,5483,Banda Aceh
8431,Molli,7869,Omdurman
8432,Nita,9314,Xi'an
8433,Janenna,5029,Rockhampton
8434,Aurore,4551,Winnipeg
8435,Marguerite,3651,Gaborone
8436,Elie,3077,Gangtok
8437,Janeczka,8765,Managua
8438,Alyda,5678,Dalian
8439,Nollie,7814,Yaoundé
8440,Patricia,7125,Zürich
8441,Latisha,7816,Pittsburgh
8442,Teriann,4996,Seoul
8443,Yetty,7670,Nicosia
8444,Shel,7318,Reykjavík
8445,Elvira,5044,Huế
8446,Shell,7801,Handan
8447,Anestassia,5757,Willemstad
8448,Nerta,3124,Kobe
8449,Leeanne,3957,Medina
8450,Christian,6854,Tagbilaran
8451,Helena,8121,Bandung
8452,Sashenka,6111,Ibiza
8453,Peri,3054,Seville
8454,Andree,8896,Wichita
8455,Joeann,4826,Daegu
8456,Flo,6535,Norilsk
8457,Tersina,9878,Munich
8458,Concettina,5427,Charlottetown
8459,Louella,7550,Belém
8460,Miquela,3726,Rawalpindi
8461,Lacie,3918,Rome
8462,Shandie,3670,Juneau
8463,Doralynne,6840,Madrid
8464,Gratia,7133,Amritsar
8465,Betta,3784,Montreal
8466,Briney,8250,Gibraltar
8467,Sharlene,4168,Lhasa
8468,Laure,4908,Memphis
8469,Devina,9232,Valdivia
8470,Grier,4314,Malabo
8471,Doralynne,5097,Canberra
8472,Dania,5694,Stuttgart
8473,Lanae,5857,Sana'a
8474,Rani,6359,Columbus
8475,Fanchon,4367,Kharkiv
8476,Adore,6106,Malé
8477,Sissy,7060,Dublin
8478,Philis,8550,Zhengzhou
8479,Minda,4929,Casablanca
8480,Sibella,7866,Gangtok
8481,Gale,8865,Libreville
8482,Janis,7737,Nagoya
8483,Karina,7449,Ludhiana
8484,Tilly,3532,Murmansk
8485,Gabriellia,8039,Okinawa
8486,Angelique,8548,Nashville
8487,Consuela,3472,Chongqing
8488,Merci,3913,Lahore
8489,Kaja,4807,Nakhon Ratchasima
8490,Elsie,6758,Doha
8491,Catharine,6989,Changchun
8492,Charlena,8571,Huế
8493,Flo,9349,Faisalabad
8494,Karena,6123,Palikir
8495,Gale,5380,Caracas
8496,Lanna,3600,Rabat
8497,Marcy,8910,São Paulo
8498,Annice,3941,Serekunda
8499,Dolli,7212,Tripoli
8500,Helsa,6396,Sacramento
8501,Annora,6026,Ciudad del Este
8502,Rhea,5021,Okinawa
8503,Silvana,6120,Atlanta
8504,Alexine,6232,Avarua
8505,Mahalia,8420,Melbourne
8506,Carmela,9271,San Salvador
8507,Lusa,8651,Marseille
8508,Lacie,6542,Daegu
8509,Jinny,6787,Maracaibo
8510,Rebeca,3105,Beijing
8511,Lorenza,3027,Washington
8512,Libbie,9521,Palembang
8513,Karena,9862,Linz
8514,Millie,9437,Ankara
8515,Elvira,7255,Cardiff
8516,Winny,8269,Havana
8517,Tilly,6194,Sydney
8518,Charlena,4710,Xi'an
8519,Tiffie,7235,Sydney
8520,Lelah,5805,Las Vegas
8521,Shell,4862,Reykjavík
8522,Kaja,3926,Papeete
8523,Xylina,5269,Port Said
8524,Beverley,5770,Durban
8525,Fernande,7816,Santiago
8526,Genovera,5998,Petropavlovsk-Kamchatsky
8527,Georgina,6383,Port of Spain
8528,Kaja,5561,Namangan
8529,Louella,7975,Regina
8530,Blake,5345,Shenyang
8531,Corene,7530,Ljubljana
8532,Ilse,9790,Medan
8533,Gisela,8204,Shenzhen
8534,Drucie,6596,El Paso
8535,Catharine,4569,Chittagong
8536,Brynna,6984,Basra
8537,Starla,7570,Cusco
8538,Cristine,6081,Phnom Penh
8539,Dode,8841,Malé
8540,Dale,4860,Daegu
8541,Tonia,3581,Brikama
8542,Marti,3513,Beijing
8543,Pollyanna,4137,Apia
8544,Sabina,4509,Naypyidaw
8545,Karlee,7322,Berlin
8546,Karly,8958,Dibrugarh
8547,Sissy,6145,Vientiane
8548,Calla,4993,Istanbul
8549,Yolane,4272,Charlotte Amalie
8550,Annabela,3925,Saint Petersburg
8551,Nariko,4330,Thimphu
8552,Susette,5457,Forked River
8553,Moyna,4669,Patna
8554,Loree,9507,Port Moresby
8555,Therine,8702,City of San Marino
8556,Celestyna,7406,Birkirkara
8557,Marita,5227,Manzini
8558,Lusa,3030,Ibadan
8559,Cathyleen,4401,Livingstone
8560,Celene,6033,Simferopol
8561,Larine,3847,Miami
8562,Blake,3304,Iquitos
8563,Mady,4742,Mexico City
8564,Karena,4845,Arbil
8565,Morganica,7303,Nukulaelae
8566,Tomasina,3154,Seattle
8567,Ezmeralda,7953,Suva
8568,Rochette,4667,Dushanbe
8569,Paola,5838,The Valley
8570,Winny,5277,Zürich
8571,Merle,9003,Tartu
8572,Sadie,9439,Panama City
8573,Ninnetta,6661,Papeete
8574,Heida,5660,New Orleans
8575,Larine,5776,Bogotá
8576,Gerianna,8772,Hangzhou
8577,Valeda,4841,Townsville
8578,Karina,3810,Toronto
8579,Kayla,7553,Koror
8580,Gale,9803,Dammam
8581,Hyacinthe,8114,Andorra la Vella
8582,Claudina,9146,Tashkent
8583,Aeriela,4778,Islamabad
8584,Donnie,4438,Lima
8585,Marsiella,6493,Rabi Island
8586,Bertine,6732,Abuja
8587,Oralee,3153,Salt Lake City
8588,Sashenka,7863,Amsterdam
8589,Carilyn,3718,Sucre
8590,Petronia,6689,Livingstone
8591,Neila,7800,Cairns
8592,Gabi,5382,Washington
8593,Nerta,9407,Koulikoro
8594,Bertine,7663,Lyon
8595,Gavrielle,6316,Shijiazhuang
8596,Rosanne,6734,Bogotá
8597,Roxane,8929,Port Vila
8598,Rhoda,7576,Gold Coast
8599,Britni,6006,Wuhan
8600,Olivette,8977,Phnom Penh
8601,Hannis,8510,Bern
8602,Chloris,4471,Jerusalem
8603,Gavrielle,9519,Lagos
8604,Kathi,3506,Charlottetown
8605,Winny,7031,Brussels
8606,Daune,9316,Agartala
8607,Sashenka,8671,Forked River
8608,Leeanne,9388,Helsinki
8609,Sean,4256,Belfast
8610,Britni,4767,Daegu
8611,Calla,3973,Brazzaville
8612,Jsandye,8326,Kano
8613,Jennica,3731,Dodoma
8614,Bobinette,7489,Tel Aviv
8615,Hollie,5558,Serekunda
8616,Daphne,3315,Nantes
8617,Micheline,7605,Yerevan
8618,Laurene,9857,Innsbruck
8619,Courtnay,9981,Marrakech
8620,Noelle,6123,Bursa
8621,Carree,8947,Lobamba
8622,Tera,8497,Kinshasa
8623,Patricia,7920,Zamboanga City
8624,Linzy,9273,N'Djamena
8625,Feliza,3999,Houston
8626,Tracey,9480,Petropavlovsk-Kamchatsky
8627,Ottilie,5315,Strasbourg
8628,Beatriz,8509,Graz
8629,Marcelline,3036,Malabo
8630,Cherilyn,9655,Guadalajara
8631,Roxane,3665,Pattaya
8632,Evita,5762,Charlottetown
8633,Brianna,7120,Vaduz
8634,Raf,6852,Medina
8635,Noelle,9319,Chuí
8636,Chere,9217,Koulikoro
8637,Starla,6258,Qingdao
8638,Gabi,3892,Chengdu
8639,Sashenka,8637,Asmara
8640,Zia,5410,Ürümqi
8641,Pierette,5282,Belfast
8642,Barbara,5348,Charlottetown
8643,Aurelie,7995,Macapá
8644,Joleen,6157,Tampere
8645,Gisela,5034,Kingstown
8646,Etta,8127,Qingdao
8647,Pamella,4734,Kolkata
8648,Lorne,7613,San Antonio
8649,Verla,9219,Nagoya
8650,Aimil,3354,Canberra
8651,Christy,5912,Detroit
8652,Catharine,6680,Campinas
8653,Sadie,5756,Roseau
8654,Tatiania,3710,Copenhagen
8655,Patricia,5500,Banjul
8656,Tani,8563,Harare
8657,Renie,7598,Dar es Salaam
8658,Ulrike,3223,Manaus
8659,Lanna,8741,Hargeisa
8660,Suzette,7257,Nashville
8661,Ebonee,8303,Buffalo
8662,Nicoli,9473,Amritsar
8663,Leona,5789,Bilbao
8664,Kamilah,6727,Baghdad
8665,Glenda,5008,Lucknow
8666,Kristina,5786,Liverpool
8667,Elsie,9914,Lima
8668,Carol-Jean,8988,Francistown
8669,Blondelle,9760,Nanning
8670,Sidoney,7733,Jinan
8671,Nananne,8333,Vitória
8672,Doro,9362,Kuwait City
8673,Kaja,5165,Algiers
8674,Catrina,7800,Faisalabad
8675,Katuscha,6218,Valdivia
8676,Drucie,9927,Mogadishu
8677,Jobi,3334,La Paz
8678,Lyssa,7962,El Aaiún
8679,Bee,3069,Srinagar
8680,Aurelie,3083,Fredericton
8681,Morganica,8074,Praia
8682,Merrie,6246,Santa Cruz de Tenerife
8683,Ottilie,3972,Papeete
8684,Sindee,4390,Riverside
8685,Jaime,8362,Thiès
8686,Shandie,7439,Jaipur
8687,Bill,9548,Belfast
8688,Betta,6933,Dodoma
8689,Wilma,7129,Nakhon Ratchasima
8690,Janis,5770,Melbourne
8691,Dagmar,6756,Ibiza
8692,Eadie,4827,Sarajevo
8693,Karolina,8029,Mendoza
8694,Dulcinea,4091,Srinagar
8695,Gale,4395,Sacramento
8696,Chastity,7425,Pyongyang
8697,Cristine,5775,Algiers
8698,Marti,7861,Zanzibar City
8699,Lulita,3566,Mashhad
8700,Ekaterina,7147,Shenzhen
8701,Dotty,3959,Shenzhen
8702,Carolina,8445,Nagpur
8703,Rori,7471,Pontianak
8704,Letizia,6233,Louisville
8705,Myriam,9160,Shanghai
8706,Nicoli,3582,Málaga
8707,Vere,4787,Palikir
8708,Petronia,8173,Pittsburgh
8709,Yetty,8026,Cairns
8710,Sallie,9562,Konya
8711,Helsa,7032,Washington
8712,Aimil,9570,Christchurch
8713,Carolina,4707,Luxembourg (city)
8714,Robbi,9835,Tianjin
8715,Winny,5983,Nagpur
8716,Nickie,6271,Minneapolis
8717,Adore,5842,Kanpur
8718,Frank,4927,Bissau
8719,Vita,3753,Port Blair
8720,Jasmina,8068,Hilo
8721,Dale,6249,Suva
8722,Janey,6943,Rome
8723,Lulita,7219,Odessa
8724,Olwen,5668,Iloilo City
8725,Kayla,8957,Shenzhen
8726,Myriam,3364,Nuuk
8727,Leeanne,3002,Maputo
8728,Georgina,3602,Odessa
8729,Danika,6701,Adelaide
8730,Elka,9133,Hiroshima
8731,Marnia,8973,Rabi Island
8732,Shandie,9362,Cotonou
8733,Ellette,5320,Brussels
8734,Shauna,7066,Johannesburg
8735,Danny,3294,Guangzhou
8736,Lizzie,9064,Damascus
8737,Marleah,8277,Thiès
8738,Marsiella,4884,Incheon
8739,Laure,6646,Hamilton
8740,Gerianna,8648,Hargeisa
8741,Jacquetta,7339,Praia
8742,Gabriellia,9016,Columbus
8743,Cacilie,7419,Valletta
8744,Ariela,8635,Riverside
8745,Lonnie,7543,Rockhampton
8746,Daryl,7522,Alor Star
8747,Belinda,4401,Da Nang
8748,Berget,9279,Malacca Town
8749,Korrie,6263,Moscow
8750,Courtnay,9537,Panama City
8751,Nataline,4893,Bahía Blanca
8752,Tatiania,6757,Alor Star
8753,Violet,6728,Manzini
8754,Katleen,8499,Kanpur
8755,June,7597,Palma
8756,Nonnah,4427,Banda Aceh
8757,Karly,7542,Bursa
8758,Jessy,7542,Aberdeen
8759,Chickie,6440,Calama
8760,Kaia,5439,Belize City
8761,Averyl,8871,Vladivostok
8762,Rosene,5312,Road Town
8763,Penelopa,4718,Ilhéus
8764,Rosanne,5955,Bandung
8765,Rori,3343,Tórshavn
8766,Margarette,7235,Washington
8767,Aaren,7959,Saint John
8768,Stacey,8364,Wonsan
8769,Laure,8774,La Serena
8770,Eve,6533,Seoul
8771,Christian,9559,Tijuana
8772,Carol-Jean,7539,Ürümqi
8773,Jinny,8479,Oranjestad
8774,Cathie,4039,Pretoria
8775,Nannie,8986,Tartu
8776,Joeann,6225,Melbourne
8777,Oralee,9390,Sapporo
8778,Gretal,3079,Praia
8779,Merrie,5222,Moscow
8780,Jsandye,9038,Rio de Janeiro
8781,Iseabal,8651,Valletta
8782,Sharlene,7183,Odessa
8783,Thalia,5668,Tel Aviv
8784,Rosabelle,6701,New Orleans
8785,Deloria,5161,Pretoria
8786,Britni,7107,Niamey
8787,Robbi,4235,Barranquilla
8788,Adriana,5392,Ilhéus
8789,Amalie,7071,Basse-Terre
8790,Mathilda,5640,Houston
8791,Gratia,4686,Honolulu
8792,Amalie,4401,Andorra la Vella
8793,Kaia,3486,Labasa
8794,Adele,3075,Ushuaia
8795,Pollyanna,6242,Wellington
8796,Constance,6520,Ottawa
8797,Nonnah,5653,Koulikoro
8798,Pamella,5332,Surat
8799,Catrina,5103,Zhengzhou
8800,Bee,9574,Kota Bharu
8801,Ekaterina,4477,Santiago de Cuba
8802,Kristan,4611,Ottawa
8803,Gale,8665,Wuhan
8804,Trudie,4397,Ashgabat
8805,Noelle,7603,Honolulu
8806,Vanessa,7145,Gaza
8807,Glenda,7945,Vatican City
8808,Blinni,8820,Basse-Terre
8809,Jaime,4840,Belmopan
8810,Jean,4780,Kano
8811,Imojean,3338,Ashgabat
8812,Ekaterina,8767,Regina
8813,Nadine,7288,Antwerp
8814,Cyb,3784,Nagoya
8815,Concettina,3808,Bursa
8816,Sean,5437,Nuuk
8817,Joceline,6441,Dhaka
8818,Melodie,3588,Tartu
8819,Shel,9343,Málaga
8820,Allis,9899,Hyderabad
8821,Annaliese,5880,Durango
8822,Danika,7500,Wollongong
8823,Sabina,5080,Koror
8824,Kimmy,9406,Invercargill
8825,Di,8875,Guangzhou
8826,Romona,9104,Hilo
8827,Carly,7024,Columbus
8828,Aigneis,8419,Lusaka
8829,Bettine,6957,Kandahar
8830,Jolyn,4515,Antananarivo
8831,Ericka,3188,Buenos Aires
8832,Heddie,4887,Sydney
8833,Gabi,7205,Ibiza
8834,Gale,3068,Mexicali
8835,Leona,9044,Jacksonville
8836,Ottilie,5811,Kingston
8837,Bernie,9191,Kigali
8838,Millie,5260,Santiago de Cuba
8839,Shaine,4287,Niamey
8840,Adore,4223,Sofia
8841,Raina,8715,London
8842,Susan,3681,Tartu
8843,Chloris,9224,Nukulaelae
8844,Lila,9501,Chihuahua
8845,Livvyy,6530,Riyadh
8846,Kathy,3092,Yerevan
8847,Benita,8583,Tartu
8848,Basia,7275,Dublin
8849,Henriette,6345,Port Louis
8850,Genevra,3565,Addis Ababa
8851,Randa,6709,Vaduz
8852,Ekaterina,6431,Brussels
8853,Bernie,5550,Gaziantep
8854,Sandie,6933,Kuwait City
8855,Meg,9370,New Delhi
8856,Ottilie,4096,Fairbanks
8857,Britte,5062,Monterrey
8858,Arabel,9714,Praia
8859,Kylynn,9572,Dodoma
8860,Candi,4915,Rosario
8861,Janey,3776,Stockholm
8862,Tabbatha,9499,Panama City
8863,Lyssa,6425,Ankara
8864,Sherrie,8998,St. Louis
8865,Nollie,3165,Kolkata
8866,Joy,3027,Houston
8867,Myriam,8451,Birkirkara
8868,Gusella,8445,Mandurah
8869,Ira,8613,Boston
8870,Merle,6596,Riga
8871,Deirdre,9439,Glasgow
8872,Jackie,6935,Medina
8873,Marleah,4116,Innsbruck
8874,Briney,9385,Lilongwe
8875,Selma,8003,Helsinki
8876,Willetta,4427,Kandy
8877,Paulita,3410,Baku
8878,Gertrud,7895,Maceió
8879,Roberta,4401,Rockhampton
8880,Priscilla,4390,Ciudad del Este
8881,Nessie,9132,Honiara
8882,Tracey,6952,Dushanbe
8883,Kylynn,4513,Charlottetown
8884,Juliane,5137,Naples
8885,Henriette,4091,Naples
8886,Ketti,9753,Nagoya
8887,Marsiella,9958,Medan
8888,Feliza,5198,Sana'a
8889,Corina,9942,Managua
8890,Ursulina,5257,Tampere
8891,Linet,3662,Kingstown
8892,Helsa,9600,Xi'an
8893,Rivalee,4158,Saskatoon
8894,Jean,5677,Chongjin
8895,Alex,7954,The Valley
8896,Karolina,3071,Sapporo
8897,Elka,8133,Zagreb
8898,Ninnetta,3616,Kyoto
8899,Zsa Zsa,3976,Belize City